title,release_year,genre,rating,budget_used
Fundamental multi-state hardware,2000,Sci-Fi,3.9,94198764
Right-sized multi-state encryption,1985,Thriller,3.8,152504549
Adaptive high-level frame,1997,Comedy,6.5,28890322
Vision-oriented incremental solution,1980,Sci-Fi,7.6,39621064
Triple-buffered coherent matrices,2018,Action,8.3,112611253
Expanded 3rdgeneration portal,1999,Action,9.3,94741258
Profit-focused bottom-line website,2014,Horror,4.2,94784064
Object-based bi-directional circuit,1985,Documentary,2.3,90205975
Organized dedicated strategy,1995,Thriller,4.6,231176150
Front-line composite productivity,2006,Comedy,3.4,294552589
Versatile secondary paradigm,2013,Horror,9.0,31690350
Open-architected national model,1994,Documentary,5.6,215929195
Distributed intermediate projection,1983,Comedy,9.2,298282634
Quality-focused demand-driven instruction set,1982,Action,4.1,28692364
Automated 6thgeneration ability,1980,Documentary,2.6,265932147
Re-contextualized web-enabled infrastructure,2002,Action,3.7,47400172
Business-focused coherent focus group,1987,Comedy,4.6,252460309
Distributed client-driven orchestration,2011,Comedy,4.5,277874198
Re-contextualized uniform parallelism,1992,Action,9.5,146746977
Streamlined clear-thinking focus group,2012,Comedy,1.2,15739602
Extended client-driven structure,1991,Drama,4.5,147817207
Realigned mission-critical orchestration,1981,Action,2.4,262030241
Operative motivating secured line,2019,Action,5.8,228540745
Mandatory upward-trending system engine,1984,Action,2.9,16317707
Total impactful productivity,2001,Horror,7.1,34428437
Re-engineered local open system,2000,Documentary,4.8,218666936
Multi-lateral neutral portal,2024,Thriller,8.8,232946272
Synchronized zero tolerance algorithm,1990,Horror,1.4,280704660
Intuitive attitude-oriented middleware,2008,Horror,1.9,7269880
Total empowering collaboration,2002,Horror,4.4,284022970
Devolved background pricing structure,2022,Documentary,8.0,121647730
Multi-channeled modular success,1984,Documentary,2.4,193379449
Customer-focused modular product,1985,Comedy,6.0,162921012
Future-proofed context-sensitive frame,2019,Comedy,5.7,99908642
Balanced scalable infrastructure,2024,Action,4.7,295784395
Decentralized zero administration standardization,1992,Thriller,4.2,102619622
Secured regional pricing structure,2024,Horror,8.3,59441479
Multi-layered optimizing protocol,2021,Action,6.4,172253011
Reduced high-level task-force,1986,Thriller,5.7,129796357
Persistent cohesive secured line,1981,Thriller,8.0,70562998
Operative disintermediate strategy,1983,Documentary,4.8,36908742
Persevering secondary concept,1983,Drama,6.8,220845182
Up-sized coherent algorithm,1986,Horror,6.8,40059714
User-centric upward-trending neural-net,1999,Documentary,2.0,166337009
Balanced impactful challenge,2012,Sci-Fi,6.3,218864134
Assimilated explicit circuit,1980,Drama,4.1,257061285
Extended real-time open system,1989,Horror,9.1,117970225
Enhanced global core,1987,Action,5.7,219688140
Automated object-oriented array,2008,Comedy,8.3,234552956
Robust dynamic instruction set,2013,Comedy,4.1,57005313
Programmable neutral architecture,1997,Horror,7.0,27041157
Secured didactic framework,2000,Thriller,8.4,62039509
Up-sized actuating leverage,2002,Thriller,2.9,93421408
Customizable cohesive framework,1993,Thriller,5.9,278397128
Sharable transitional synergy,2009,Sci-Fi,1.7,36016308
Cloned 5thgeneration parallelism,2007,Sci-Fi,10.0,205865864
Fully-configurable fault-tolerant algorithm,1996,Drama,6.2,82815370
Upgradable analyzing flexibility,2006,Action,8.9,116703326
Assimilated multi-tasking process improvement,1981,Horror,5.8,78317635
Monitored composite neural-net,2001,Horror,4.4,73344898
Front-line uniform open architecture,1995,Thriller,2.5,106853266
Open-architected tangible portal,2023,Thriller,3.2,249741057
Universal asymmetric contingency,1980,Documentary,9.9,218771812
Profit-focused modular hierarchy,2021,Horror,7.5,217741325
Reverse-engineered national ability,1996,Sci-Fi,3.9,231269997
Upgradable bi-directional projection,2020,Thriller,2.9,276958962
Down-sized modular intranet,1988,Comedy,4.4,591002
Enterprise-wide even-keeled core,2021,Drama,5.3,81522389
Adaptive context-sensitive array,2015,Drama,4.7,278243009
Inverse intangible orchestration,2005,Documentary,8.7,86918453
Reverse-engineered 24/7 interface,2002,Horror,9.1,101501315
Decentralized bottom-line attitude,2004,Comedy,5.1,151108550
Multi-layered 5thgeneration framework,2022,Sci-Fi,3.3,233680137
Stand-alone intangible workforce,2016,Comedy,1.1,85694078
Re-engineered multimedia capacity,2000,Sci-Fi,1.1,243140740
Organized content-based core,1981,Thriller,5.2,146809931
Business-focused asynchronous synergy,1989,Thriller,2.9,78310838
Object-based systemic framework,2009,Drama,3.6,144800948
Polarized background time-frame,1983,Documentary,5.7,255103663
Fundamental radical protocol,2025,Horror,9.7,36217882
Integrated asynchronous Internet solution,2000,Horror,2.0,209827476
Diverse multi-tasking analyzer,2019,Thriller,6.0,284581458
Persistent asymmetric success,2018,Documentary,9.3,141900323
Digitized empowering matrices,2012,Action,8.6,15953936
Networked incremental matrices,2000,Horror,4.7,29933600
Public-key local moratorium,2017,Thriller,5.9,251743541
Function-based analyzing knowledge user,2026,Thriller,2.3,195719373
Object-based secondary capability,2012,Sci-Fi,4.3,231662898
Inverse impactful utilization,2022,Documentary,1.5,7824243
Function-based systemic Local Area Network,2022,Action,6.0,67834620
Fundamental interactive capability,1984,Sci-Fi,3.2,115801940
Re-contextualized asynchronous portal,2001,Sci-Fi,5.8,272411793
Focused mission-critical paradigm,1997,Sci-Fi,5.5,249922247
Managed radical Internet solution,2026,Comedy,3.2,202885099
Compatible scalable initiative,1994,Comedy,7.0,213564433
Secured transitional product,2008,Comedy,3.7,245174790
Fully-configurable content-based Graphic Interface,1997,Horror,1.1,28309893
Configurable high-level frame,2012,Drama,6.7,154459999
Up-sized systematic monitoring,1998,Horror,8.6,184625649
Configurable 4thgeneration alliance,1986,Horror,3.5,53416811
Operative demand-driven encryption,2024,Documentary,8.0,187086518
Cross-group high-level info-mediaries,1996,Action,3.9,219803819
Ergonomic systematic budgetary management,2014,Sci-Fi,8.0,2737024
Assimilated client-server encryption,2008,Comedy,2.3,5854472
Face-to-face global function,1994,Action,1.2,101293806
Focused directional system engine,2020,Comedy,4.4,92836107
Customer-focused bottom-line collaboration,2003,Documentary,4.3,37237465
Re-engineered demand-driven migration,2005,Sci-Fi,2.9,198164156
User-friendly empowering knowledge user,1989,Comedy,7.7,271246373
Ergonomic didactic system engine,2020,Sci-Fi,3.8,131405985
Face-to-face reciprocal support,2011,Comedy,8.8,117552631
Robust empowering protocol,2010,Comedy,9.2,142906024
Cloned systematic ability,1988,Comedy,7.7,41582316
Proactive next generation database,1991,Drama,6.9,22164106
Realigned tangible moderator,1985,Drama,9.6,43408686
Optional attitude-oriented software,2022,Drama,6.0,255803517
Centralized demand-driven frame,1982,Sci-Fi,5.3,141081271
Networked upward-trending time-frame,2015,Thriller,5.0,275449483
Proactive modular open architecture,2007,Documentary,6.3,133549864
Universal uniform product,2004,Drama,6.8,109992611
Balanced homogeneous collaboration,2026,Horror,4.2,183199496
Re-contextualized responsive matrices,2006,Drama,6.4,25476250
Configurable 24hour intranet,1995,Horror,6.2,284026973
Organized mobile data-warehouse,1998,Documentary,3.7,132291054
Digitized contextually-based parallelism,2006,Thriller,3.2,81906675
Balanced bottom-line protocol,2018,Documentary,3.9,207184309
Networked fresh-thinking capability,2002,Action,5.0,236926805
Total bottom-line emulation,2004,Drama,8.9,103477312
Proactive intangible encoding,1994,Sci-Fi,6.5,222242852
Optimized empowering process improvement,2022,Horror,8.8,120618991
Seamless interactive moderator,2025,Sci-Fi,8.8,138984361
Re-contextualized 24hour structure,2008,Comedy,2.8,233968171
Polarized stable attitude,2011,Thriller,3.4,140694011
Object-based foreground strategy,1992,Drama,7.6,286368889
Reduced zero tolerance functionalities,2019,Comedy,7.7,113309007
Profound foreground moderator,2019,Thriller,7.5,97819075
Inverse uniform throughput,1986,Horror,9.0,278888874
Multi-channeled foreground initiative,2018,Sci-Fi,4.6,33616436
Open-architected mobile initiative,2007,Drama,6.6,234861469
Profit-focused context-sensitive functionalities,2017,Comedy,7.4,44256080
Open-source systemic definition,1990,Documentary,5.7,61218680
Sharable web-enabled Graphical User Interface,2007,Drama,3.7,276372405
Right-sized optimal contingency,1992,Drama,7.4,253692207
Versatile motivating middleware,2015,Sci-Fi,6.1,287799776
Down-sized 6thgeneration concept,2014,Drama,4.7,51595006
Cloned background orchestration,1985,Thriller,2.4,79158749
User-centric zero-defect matrix,2001,Thriller,1.6,27806298
Persistent user-facing customer loyalty,2019,Thriller,1.4,277562836
Innovative asymmetric monitoring,2019,Drama,9.4,152580104
Visionary analyzing attitude,2021,Drama,7.3,94960046
Phased maximized attitude,2003,Thriller,4.7,299987493
Team-oriented optimal protocol,1984,Sci-Fi,2.7,39084579
Sharable encompassing Internet solution,2018,Comedy,9.1,179035373
Down-sized full-range process improvement,2022,Horror,3.7,217967782
Adaptive maximized open architecture,2002,Sci-Fi,1.1,49520239
Digitized zero-defect solution,1993,Thriller,9.9,140588914
Centralized secondary system engine,2022,Drama,1.0,287368224
Multi-layered zero administration initiative,1986,Documentary,6.9,295779272
Pre-emptive asynchronous analyzer,1981,Thriller,4.2,101157721
Object-based global array,1987,Documentary,2.5,278720910
Stand-alone asynchronous alliance,1995,Horror,9.4,70182723
User-centric upward-trending functionalities,1982,Documentary,3.5,148582850
Managed foreground Internet solution,2023,Sci-Fi,9.9,34159488
Mandatory zero tolerance functionalities,2023,Documentary,4.7,115383917
Total transitional task-force,1986,Comedy,7.9,248314041
Innovative content-based matrices,2021,Drama,5.4,114549481
Visionary actuating alliance,1987,Thriller,7.0,285906109
Mandatory upward-trending synergy,1980,Sci-Fi,8.7,237610348
Switchable bi-directional solution,2006,Comedy,5.9,282733548
Polarized systemic collaboration,1991,Horror,7.0,221404383
Programmable real-time Graphic Interface,2021,Thriller,5.4,65555375
Up-sized national focus group,2022,Horror,9.6,213779998
Visionary national toolset,2002,Sci-Fi,6.3,192589042
Reactive fresh-thinking implementation,2024,Sci-Fi,3.9,134126381
Robust context-sensitive intranet,1993,Documentary,1.7,81162591
Phased 5thgeneration encryption,2007,Thriller,4.7,223938435
Implemented empowering matrices,2011,Action,9.2,215168320
Secured leadingedge support,2011,Action,1.7,153327498
Seamless holistic solution,2018,Action,6.2,165361916
Reverse-engineered fault-tolerant ability,2018,Action,2.4,166346054
Proactive secondary analyzer,2021,Drama,1.4,151465728
Enterprise-wide tangible project,2022,Comedy,2.0,184500935
Pre-emptive regional artificial intelligence,1990,Thriller,8.1,35878232
Focused directional application,2006,Horror,3.9,129655730
Grass-roots 3rdgeneration ability,2011,Drama,9.1,270189677
Optimized human-resource Graphical User Interface,1984,Horror,4.0,7276344
Right-sized next generation service-desk,2024,Thriller,6.6,189863899
Stand-alone solution-oriented software,1991,Documentary,9.3,227902471
Sharable fault-tolerant core,2017,Horror,4.5,277890343
Realigned 5thgeneration approach,2007,Thriller,1.7,131543528
Front-line non-volatile application,2014,Horror,1.9,158198596
User-friendly didactic archive,1986,Comedy,5.0,135750183
Persevering disintermediate moratorium,2007,Horror,9.0,95446656
Down-sized multimedia workforce,1989,Action,7.8,111464468
Future-proofed background capability,1981,Sci-Fi,8.8,257849064
Advanced responsive encoding,1996,Comedy,5.3,61258676
Triple-buffered clear-thinking forecast,2021,Comedy,6.2,15851791
Persistent composite superstructure,2020,Comedy,5.2,11921397
Switchable context-sensitive matrices,2005,Thriller,5.8,206585850
Horizontal dynamic focus group,2013,Action,7.9,107320291
Organic tangible groupware,2017,Documentary,7.5,208951628
Sharable radical paradigm,1996,Action,1.2,148431498
Universal client-server time-frame,2024,Comedy,1.9,156336590
Total maximized firmware,1997,Action,6.4,264147745
Team-oriented systematic neural-net,2019,Action,6.8,126462440
Switchable methodical toolset,2000,Documentary,9.0,7406106
Optimized human-resource open architecture,2012,Action,2.6,265743774
Mandatory leadingedge infrastructure,2004,Sci-Fi,1.1,263193803
Re-engineered systematic concept,2011,Drama,2.6,208858296
Balanced bottom-line secured line,2024,Thriller,9.1,289018699
Synergistic exuding definition,1987,Documentary,6.5,287116216
Virtual 24/7 benchmark,1983,Action,2.9,161960542
Multi-channeled composite Graphic Interface,1997,Sci-Fi,3.4,153475145
Grass-roots radical forecast,2025,Action,8.8,171967138
Vision-oriented full-range framework,2005,Sci-Fi,10.0,181661493
Quality-focused stable strategy,2022,Drama,9.4,275646051
Cross-platform systematic secured line,2011,Sci-Fi,4.8,146346177
Multi-layered disintermediate challenge,2022,Sci-Fi,7.7,33981335
Sharable fresh-thinking product,2014,Comedy,8.8,82464365
Intuitive next generation challenge,1993,Comedy,7.1,4522275
Up-sized intermediate encoding,1997,Sci-Fi,5.9,72094648
Seamless foreground customer loyalty,2020,Comedy,5.0,141390514
Compatible hybrid model,1983,Thriller,9.7,206500274
Multi-layered interactive hub,2004,Drama,2.6,157355327
Distributed logistical superstructure,1986,Horror,1.6,262490210
Multi-layered needs-based alliance,1982,Horror,9.6,79406032
Team-oriented local ability,1984,Action,9.6,190391540
Customizable mobile toolset,1986,Drama,1.6,179770251
Open-source motivating product,2021,Action,3.2,14959901
User-centric client-driven knowledge user,1995,Drama,2.5,71584819
Enhanced 3rdgeneration complexity,2017,Drama,2.9,132846268
Realigned demand-driven matrices,1987,Action,4.0,237847360
Open-architected explicit Internet solution,1991,Drama,7.6,106704440
Ameliorated mobile collaboration,1992,Horror,8.1,225157254
Multi-layered 6thgeneration portal,2016,Sci-Fi,5.6,179940202
Public-key 4thgeneration parallelism,1991,Action,2.1,8630340
Pre-emptive secondary throughput,2020,Horror,1.4,284874255
Re-contextualized optimizing frame,2016,Thriller,7.1,72973940
Object-based bandwidth-monitored installation,2024,Thriller,9.5,220939742
Fundamental national Internet solution,2006,Horror,2.7,206907006
Exclusive motivating framework,2015,Sci-Fi,6.4,41714669
Visionary reciprocal open system,1987,Comedy,2.8,193149918
Visionary incremental portal,1994,Action,6.5,219659502
Fully-configurable didactic database,2024,Comedy,9.9,63485823
Phased cohesive monitoring,2022,Documentary,9.0,77673628
Exclusive neutral archive,2014,Drama,5.9,197502729
Ergonomic homogeneous moderator,1988,Documentary,7.2,243367816
Decentralized context-sensitive parallelism,1992,Documentary,4.5,167339685
Open-architected multimedia support,2009,Sci-Fi,9.4,282868610
Ameliorated upward-trending extranet,1999,Sci-Fi,7.2,215303344
Cross-group coherent neural-net,2021,Documentary,9.7,40127930
Customer-focused tangible leverage,2018,Horror,9.2,214395822
Multi-lateral directional system engine,2016,Sci-Fi,5.3,187714203
Optional contextually-based matrix,1989,Drama,6.3,151447047
Down-sized maximized product,2026,Sci-Fi,9.5,13542696
Future-proofed non-volatile functionalities,2007,Drama,4.0,13577121
Digitized real-time emulation,1995,Drama,6.7,214132648
Reactive transitional encoding,1982,Sci-Fi,1.6,63282414
Managed system-worthy time-frame,1984,Documentary,6.9,48907583
Programmable web-enabled approach,2017,Drama,6.5,232115323
Integrated well-modulated initiative,2005,Drama,3.7,253741759
Function-based didactic infrastructure,2024,Sci-Fi,4.4,197180126
Enhanced client-driven contingency,2005,Sci-Fi,4.1,137106827
Innovative 24/7 core,2024,Action,4.9,29521230
Face-to-face systematic interface,1993,Action,2.2,116633068
Expanded logistical service-desk,2011,Horror,1.2,279941712
Self-enabling next generation throughput,2003,Comedy,1.3,163710183
Multi-layered transitional service-desk,2017,Comedy,9.6,94005804
Progressive disintermediate benchmark,1980,Documentary,8.2,234382986
Down-sized directional array,2014,Action,2.0,98030630
Cross-platform fault-tolerant moratorium,2013,Comedy,7.0,54849455
Multi-channeled bottom-line algorithm,1994,Sci-Fi,8.8,278918585
Function-based transitional initiative,2024,Sci-Fi,9.9,140369807
Reverse-engineered mobile benchmark,2006,Action,7.6,232813202
Fully-configurable impactful moderator,2001,Horror,1.3,258254001
Right-sized asymmetric implementation,2002,Drama,7.1,202355997
Organic directional database,1994,Documentary,9.5,8862261
Triple-buffered encompassing analyzer,2016,Documentary,2.8,297181599
Up-sized foreground implementation,1984,Horror,1.3,141653580
Switchable impactful open architecture,1996,Horror,5.9,284931900
User-friendly foreground orchestration,2012,Thriller,3.2,107023017
Down-sized foreground website,2004,Horror,4.2,220933530
Synchronized uniform customer loyalty,1982,Comedy,5.1,92054164
Implemented tangible structure,2017,Documentary,1.2,10665744
Phased solution-oriented array,1981,Thriller,2.3,167941322
Persevering even-keeled service-desk,1986,Action,5.2,181213653
Secured heuristic structure,1982,Action,1.6,285382042
Pre-emptive empowering solution,1986,Drama,3.9,122485883
Switchable 4thgeneration parallelism,1991,Sci-Fi,5.5,83320980
Object-based non-volatile moderator,1996,Documentary,7.4,83343468
Reactive leadingedge groupware,2010,Thriller,5.4,290558481
Automated optimal knowledge user,2014,Comedy,5.1,253297032
User-friendly multi-tasking system engine,1986,Thriller,1.9,299101185
Assimilated transitional instruction set,2023,Sci-Fi,3.7,275374449
Optimized executive project,1990,Sci-Fi,4.0,260562253
Re-engineered uniform implementation,2000,Horror,1.5,259199833
Quality-focused multi-state flexibility,2008,Documentary,9.6,79374639
Automated asynchronous policy,2026,Comedy,4.3,201318761
Integrated exuding hardware,2016,Documentary,3.7,247553034
Customizable logistical paradigm,1999,Horror,6.3,73572540
Cross-platform multimedia website,2019,Action,1.5,82641639
Realigned context-sensitive collaboration,2015,Sci-Fi,3.2,29994027
Re-engineered mission-critical portal,2003,Comedy,2.3,156790867
Down-sized tangible methodology,2019,Action,5.1,80425866
Front-line explicit intranet,2013,Action,5.6,72298050
Cross-group multi-tasking moderator,2009,Horror,1.5,203037383
Team-oriented coherent methodology,2019,Documentary,9.5,109825503
Digitized well-modulated knowledge user,1981,Sci-Fi,3.4,246351882
Open-source multimedia leverage,2015,Drama,7.0,283174367
Configurable empowering strategy,2008,Thriller,9.7,1184761
Polarized scalable emulation,1983,Drama,3.4,40530849
Enterprise-wide zero-defect support,1986,Comedy,2.4,92908638
Distributed zero tolerance open architecture,1995,Thriller,4.9,239768247
Focused human-resource moderator,2017,Documentary,9.0,149460609
Cross-group reciprocal ability,2009,Thriller,1.2,75545650
Business-focused bottom-line knowledge user,1984,Comedy,4.0,71379869
Mandatory high-level emulation,1980,Thriller,7.5,148116170
Programmable coherent synergy,2025,Comedy,4.2,66001723
Extended system-worthy challenge,1994,Documentary,6.0,138211168
De-engineered multi-state firmware,2024,Comedy,8.9,246776237
Digitized client-driven projection,1996,Drama,1.0,22418660
Automated zero administration data-warehouse,1981,Comedy,6.9,248190381
Total cohesive hub,2025,Sci-Fi,7.2,93373071
Adaptive full-range methodology,2017,Drama,5.3,296351595
Self-enabling foreground toolset,2007,Documentary,6.6,279296349
Mandatory eco-centric hub,2008,Horror,6.8,179440256
Implemented bottom-line hardware,1982,Documentary,8.2,122612468
Automated secondary Internet solution,2012,Drama,6.8,162264096
Programmable web-enabled portal,1992,Horror,7.2,102729587
Enhanced regional help-desk,2016,Documentary,4.2,216341591
Networked real-time matrix,2014,Drama,3.0,194322200
Polarized bi-directional Graphical User Interface,1984,Horror,1.3,58072501
Total system-worthy secured line,1985,Horror,3.1,212552550
Phased national protocol,1986,Drama,7.8,6865234
Virtual analyzing approach,1985,Sci-Fi,1.1,50116367
Customizable dedicated benchmark,1989,Thriller,5.1,250103704
Upgradable national superstructure,1996,Comedy,1.4,260932713
Progressive tangible hierarchy,1992,Documentary,5.3,134653029
Configurable contextually-based leverage,2012,Comedy,9.2,24040939
Advanced interactive process improvement,1994,Thriller,9.4,97791309
Sharable foreground product,1984,Drama,4.3,219091257
Horizontal multi-state flexibility,1995,Comedy,6.5,121263022
Pre-emptive disintermediate budgetary management,1988,Documentary,9.2,65476785
Enterprise-wide secondary intranet,1989,Thriller,3.4,48951472
Object-based reciprocal algorithm,2010,Sci-Fi,1.4,131434784
Up-sized client-driven algorithm,2023,Drama,6.0,8559299
User-friendly 3rdgeneration customer loyalty,1993,Action,8.9,165466095
Intuitive bifurcated model,2017,Action,4.8,29945584
Advanced 4thgeneration neural-net,2000,Documentary,3.7,265058959
Total bi-directional ability,1992,Comedy,3.0,207597006
Self-enabling multimedia Internet solution,2001,Documentary,1.3,109423799
Customizable heuristic emulation,2006,Thriller,1.3,92302717
Proactive regional Local Area Network,1984,Thriller,1.7,274782646
Focused full-range help-desk,2026,Comedy,6.5,73615741
Intuitive dynamic secured line,2023,Sci-Fi,6.4,15405878
Networked multi-tasking hub,2018,Horror,8.7,95867767
Optional optimal workforce,1997,Thriller,8.7,140246937
Triple-buffered secondary workforce,2004,Horror,7.0,253396360
Switchable secondary structure,2002,Drama,9.3,244358916
Pre-emptive homogeneous architecture,2023,Drama,5.9,65130948
Proactive 24/7 support,1987,Drama,1.8,251617180
Synergistic fault-tolerant ability,2024,Action,2.3,24586019
Assimilated demand-driven function,1982,Drama,3.4,269782539
Digitized didactic project,2019,Horror,2.8,269409025
Phased methodical capacity,2025,Horror,8.7,97430850
Cloned explicit Internet solution,2015,Documentary,2.3,292082720
Enterprise-wide analyzing contingency,2002,Thriller,9.4,299466200
Object-based radical complexity,2018,Action,4.7,86437587
Ergonomic real-time interface,1997,Thriller,5.1,260691542
Multi-channeled background core,1982,Comedy,3.4,284869286
Organized asymmetric hardware,2002,Horror,8.0,89535745
Programmable optimal hierarchy,2008,Horror,6.3,72801610
Assimilated even-keeled encoding,1987,Documentary,4.8,184665708
Multi-lateral clear-thinking policy,1981,Documentary,5.0,88223917
Grass-roots mission-critical info-mediaries,2026,Documentary,1.3,223575481
Public-key discrete framework,2018,Horror,7.7,255202185
Switchable coherent solution,2007,Sci-Fi,4.3,102443894
Extended empowering database,1984,Action,2.2,37352141
Diverse value-added structure,1989,Horror,8.2,151209621
Distributed non-volatile groupware,2011,Thriller,6.4,200447202
Integrated 3rdgeneration groupware,2013,Drama,4.3,49691118
Open-architected logistical core,1997,Thriller,5.9,44251495
Managed client-driven flexibility,1989,Documentary,4.5,1356717
Streamlined impactful orchestration,1983,Documentary,1.8,57675411
Multi-layered demand-driven attitude,2003,Sci-Fi,9.5,106405491
Front-line disintermediate analyzer,1994,Comedy,5.3,134204568
Enterprise-wide maximized Graphic Interface,2022,Sci-Fi,5.9,41211361
Balanced bandwidth-monitored project,1998,Action,5.2,15393156
Diverse object-oriented hardware,1980,Horror,7.8,53179740
Innovative even-keeled circuit,1989,Drama,4.3,71284509
Re-engineered systematic flexibility,2025,Drama,7.0,204961764
Configurable fault-tolerant time-frame,2011,Drama,1.3,131048534
Phased asynchronous instruction set,2000,Horror,2.3,95382709
Visionary grid-enabled methodology,1981,Drama,3.2,191324251
Cloned demand-driven solution,2021,Horror,2.0,236495917
Multi-tiered leadingedge analyzer,1987,Horror,5.2,254053889
Enhanced interactive superstructure,1983,Thriller,5.8,141501452
Function-based local infrastructure,2001,Thriller,9.7,62519281
Multi-lateral holistic initiative,2004,Thriller,4.8,31795745
Inverse optimal application,2026,Sci-Fi,2.2,38929924
Customizable intangible Graphical User Interface,2016,Documentary,5.2,67029092
Grass-roots tertiary moratorium,1984,Sci-Fi,1.1,99503526
Versatile coherent algorithm,2014,Thriller,6.9,161895917
Reduced scalable migration,2001,Thriller,7.5,169014989
Re-contextualized 4thgeneration artificial intelligence,2006,Comedy,4.2,82887317
Multi-layered dynamic matrices,1998,Horror,5.6,207628053
Robust analyzing solution,2021,Action,4.0,51658839
Open-source coherent adapter,2002,Thriller,7.3,34378516
Universal bandwidth-monitored website,1990,Thriller,6.8,109270074
Customizable dynamic capability,2022,Thriller,7.5,32165888
Secured multi-state attitude,2004,Action,9.6,255222927
Digitized multi-tasking definition,2002,Horror,3.1,126411406
Quality-focused human-resource database,1990,Horror,8.2,242935310
Devolved human-resource frame,2019,Drama,8.1,271989919
Advanced exuding monitoring,2006,Documentary,7.4,88508476
Horizontal modular forecast,2013,Horror,6.2,175161927
Optional real-time info-mediaries,2013,Sci-Fi,8.6,262294242
Profound multimedia artificial intelligence,2010,Sci-Fi,1.9,206450963
Managed grid-enabled matrices,1987,Action,9.8,290694372
Proactive holistic success,2002,Horror,3.5,240027913
Stand-alone solution-oriented superstructure,2004,Drama,5.0,230646273
Multi-layered encompassing implementation,2005,Documentary,4.4,22080737
Innovative mobile extranet,1989,Comedy,3.2,78471856
Progressive 4thgeneration pricing structure,2012,Comedy,1.3,29955548
Vision-oriented coherent utilization,2024,Sci-Fi,5.0,199421417
Polarized explicit standardization,1989,Comedy,1.5,7288676
Open-source hybrid migration,2020,Action,7.2,83575830
Synergized human-resource circuit,2019,Sci-Fi,2.3,201964026
Reactive uniform secured line,2010,Documentary,6.6,155208393
Implemented fresh-thinking budgetary management,2007,Sci-Fi,5.1,203376813
Self-enabling next generation initiative,1990,Action,9.5,157749570
Integrated interactive contingency,1982,Comedy,5.4,55541132
Customer-focused cohesive service-desk,1992,Documentary,8.9,57036338
Organic executive instruction set,1990,Drama,2.9,178950672
Customizable transitional functionalities,1992,Thriller,6.1,63261708
Synergized mission-critical standardization,1994,Horror,9.7,227661280
Team-oriented transitional customer loyalty,2023,Horror,9.3,227399483
Team-oriented exuding interface,2021,Horror,3.6,5308289
Customer-focused scalable alliance,1980,Documentary,8.4,130363319
Seamless 24/7 knowledgebase,2026,Horror,9.6,204280850
Programmable tertiary ability,2006,Drama,7.3,3116247
Exclusive leadingedge benchmark,1996,Sci-Fi,5.5,232230018
Programmable dynamic access,2020,Thriller,3.1,166139360
Organized contextually-based parallelism,1990,Thriller,6.9,156197886
Monitored full-range migration,2017,Action,5.6,29896141
Optimized disintermediate architecture,1996,Horror,6.7,235357619
Profound eco-centric time-frame,2023,Thriller,8.0,27964887
Persevering transitional interface,2014,Thriller,4.0,37820774
Team-oriented 6thgeneration migration,2004,Action,8.1,98506461
Cloned interactive leverage,2024,Drama,3.1,199927756
Sharable discrete initiative,2017,Comedy,8.0,45041319
Devolved leadingedge utilization,1984,Documentary,1.2,20122808
Polarized zero-defect projection,1999,Documentary,9.7,151469276
Re-contextualized needs-based throughput,1990,Documentary,5.8,141754102
Optimized eco-centric synergy,2008,Drama,6.9,218667745
Function-based human-resource contingency,2007,Horror,7.0,65119738
Future-proofed optimal framework,2012,Sci-Fi,2.1,166605410
Persistent tertiary core,1990,Horror,7.4,1809360
Customer-focused real-time conglomeration,1988,Documentary,7.3,111635485
Realigned responsive emulation,2025,Comedy,5.5,202973960
Proactive eco-centric moderator,2005,Drama,3.3,89521282
Programmable regional framework,1989,Comedy,2.5,203390448
Assimilated actuating orchestration,2018,Horror,7.1,279769641
Ameliorated static productivity,1991,Documentary,3.9,231146688
Fully-configurable contextually-based knowledgebase,2013,Drama,7.6,291726677
Focused intermediate methodology,2008,Sci-Fi,3.3,298749767
Compatible disintermediate concept,1996,Comedy,4.3,64433984
Devolved eco-centric projection,2002,Action,6.1,236208275
Multi-lateral content-based monitoring,2014,Action,7.5,100108149
Robust bi-directional definition,2010,Thriller,7.0,179645565
Polarized clear-thinking success,1994,Drama,3.6,28778936
Triple-buffered demand-driven installation,2015,Sci-Fi,2.0,215075055
Persistent responsive secured line,1981,Sci-Fi,7.8,152934136
Automated analyzing architecture,1992,Thriller,3.1,170300098
Polarized discrete portal,1993,Sci-Fi,8.5,133150726
Self-enabling optimal standardization,1995,Thriller,5.5,176795500
Fundamental client-driven projection,2004,Sci-Fi,6.2,288699130
Programmable fresh-thinking frame,1984,Sci-Fi,9.9,57640743
Optional uniform strategy,2000,Thriller,5.5,243469544
Organized clear-thinking concept,1989,Documentary,3.8,46235203
Triple-buffered homogeneous software,1985,Thriller,8.1,79169532
Virtual impactful support,1986,Documentary,3.9,37304115
Streamlined 24hour attitude,1983,Thriller,4.0,97761773
Implemented asynchronous functionalities,1987,Drama,1.4,111270461
Face-to-face 3rdgeneration interface,1995,Documentary,4.6,125747175
Cross-group foreground utilization,2026,Sci-Fi,4.6,63830133
Seamless demand-driven encryption,2004,Horror,3.7,229162687
Realigned heuristic frame,1999,Documentary,5.0,168385532
Universal intermediate throughput,2006,Documentary,8.5,188269547
Customizable 5thgeneration structure,2004,Horror,1.1,80341901
Team-oriented cohesive interface,2004,Action,2.3,146913668
Expanded systemic model,2000,Documentary,3.2,50099868
Enhanced responsive orchestration,1993,Drama,4.8,228688462
Secured global intranet,2020,Drama,9.8,193231062
Configurable methodical circuit,1987,Thriller,5.5,271347286
Re-contextualized foreground info-mediaries,2014,Thriller,9.6,32762258
Multi-tiered zero administration moderator,2016,Comedy,7.2,107663508
Configurable systematic focus group,2022,Thriller,9.1,230153068
User-centric grid-enabled monitoring,1984,Sci-Fi,5.3,180120719
Devolved responsive functionalities,1990,Drama,5.4,163384794
Fully-configurable needs-based website,2015,Comedy,2.7,175979339
Multi-tiered holistic infrastructure,1993,Documentary,6.5,79236415
Managed asymmetric conglomeration,2005,Comedy,7.3,151948339
User-centric 24hour portal,2023,Sci-Fi,7.7,99545809
Self-enabling analyzing migration,2013,Action,9.7,250230311
Front-line reciprocal secured line,2004,Sci-Fi,4.1,73535437
Sharable executive flexibility,2023,Drama,3.9,294736959
Persevering fault-tolerant process improvement,1993,Sci-Fi,9.0,128215699
Stand-alone systematic ability,2009,Documentary,8.8,199173299
Assimilated context-sensitive conglomeration,1982,Comedy,6.4,130434370
Automated upward-trending open system,1990,Sci-Fi,8.6,227149690
Robust systemic installation,1988,Drama,4.1,73233688
Intuitive bi-directional protocol,1992,Documentary,9.9,80630259
Total zero-defect attitude,1992,Horror,9.2,263985797
Robust tangible benchmark,1981,Thriller,9.8,213931124
Adaptive encompassing extranet,2025,Sci-Fi,2.1,141577435
Enterprise-wide user-facing superstructure,1999,Thriller,5.8,85495896
Managed holistic initiative,1988,Sci-Fi,7.1,273073281
Diverse analyzing throughput,2004,Sci-Fi,1.6,163862502
Ergonomic user-facing secured line,2002,Drama,9.9,56149372
Grass-roots 5thgeneration groupware,1984,Drama,6.5,178209074
Triple-buffered value-added framework,1999,Sci-Fi,4.8,183752189
Ergonomic zero tolerance capability,1987,Horror,8.9,199175727
Cloned actuating focus group,1992,Comedy,9.8,180089913
Face-to-face context-sensitive Local Area Network,1982,Documentary,7.4,71399770
Function-based impactful project,1983,Action,6.4,114609281
Decentralized modular intranet,2002,Thriller,5.2,195416863
Compatible object-oriented open architecture,1984,Sci-Fi,7.8,201049165
Open-source static complexity,2013,Action,1.2,105050849
Innovative multi-state portal,2010,Thriller,3.1,197391452
Realigned client-server instruction set,2000,Documentary,9.0,160904755
Persistent optimizing parallelism,2022,Sci-Fi,6.3,83376845
Team-oriented 24hour task-force,1998,Documentary,8.7,223581816
Right-sized methodical website,2010,Action,4.2,86023439
Synergized empowering concept,1980,Drama,7.4,79785430
Customizable explicit matrices,1987,Comedy,1.5,99375517
Multi-channeled dynamic customer loyalty,2025,Comedy,6.1,13041429
Re-engineered full-range extranet,1981,Thriller,9.8,211490852
Synergized discrete encryption,1994,Comedy,8.9,259818629
Devolved global help-desk,1985,Sci-Fi,4.7,105601776
Ergonomic bifurcated definition,2017,Sci-Fi,7.4,192432023
Inverse contextually-based hardware,1999,Documentary,6.2,137116598
Devolved tertiary software,2015,Documentary,8.6,37580699
Organized needs-based strategy,2020,Horror,6.4,21592477
Enhanced bottom-line analyzer,2008,Horror,2.2,38919565
Re-engineered tangible interface,2000,Documentary,1.4,122215202
Public-key clear-thinking adapter,1991,Drama,6.8,152058653
Fundamental tertiary analyzer,2008,Action,5.6,143204438
Future-proofed object-oriented help-desk,1995,Action,4.9,14164787
Reverse-engineered full-range algorithm,2018,Sci-Fi,1.8,211578724
Proactive context-sensitive project,1988,Sci-Fi,10.0,182540666
Virtual full-range hardware,2003,Horror,7.8,35143090
Programmable even-keeled knowledge user,1990,Action,3.9,141268937
Pre-emptive logistical infrastructure,1997,Sci-Fi,4.0,4766878
Organic real-time product,2019,Documentary,7.9,11877781
Customizable multi-state core,1998,Action,2.6,101723625
Centralized holistic info-mediaries,2005,Sci-Fi,9.4,255528225
Operative 24/7 service-desk,2018,Sci-Fi,2.5,110441319
Object-based local circuit,1984,Drama,5.6,146778359
Realigned global policy,1992,Documentary,6.3,243695157
Digitized tertiary parallelism,2012,Horror,2.4,102538917
Cloned empowering secured line,2013,Thriller,8.2,63926248
Universal tangible project,2001,Documentary,8.4,69296994
Cross-group multi-tasking paradigm,1996,Thriller,4.6,84194554
Universal zero-defect moratorium,2012,Thriller,1.8,84586523
Networked asymmetric intranet,1990,Thriller,9.5,151230650
Customizable context-sensitive focus group,2020,Sci-Fi,1.1,166692427
Phased leadingedge utilization,1994,Horror,7.6,89626488
Fundamental multi-state interface,1982,Horror,7.4,183489421
Self-enabling incremental time-frame,2014,Action,9.4,70793994
Front-line non-volatile encoding,1988,Comedy,6.5,123878955
Reduced transitional knowledgebase,1981,Comedy,7.3,277567803
Right-sized well-modulated matrices,2007,Documentary,9.9,27226082
Reactive context-sensitive monitoring,2008,Sci-Fi,1.9,177176205
Re-engineered stable encoding,1992,Action,5.4,134114115
Customizable 24hour contingency,1982,Documentary,3.6,264508884
Multi-channeled static protocol,2015,Thriller,5.7,266376799
Future-proofed even-keeled moderator,2019,Action,6.0,227706149
Re-engineered coherent algorithm,2026,Thriller,4.4,272710712
User-centric non-volatile encoding,1994,Documentary,9.8,63901306
Phased scalable intranet,2006,Horror,4.3,3807174
Multi-tiered demand-driven framework,2004,Documentary,3.5,62304169
User-friendly stable orchestration,2022,Thriller,5.2,252113232
Cloned system-worthy protocol,1998,Comedy,7.7,254971715
Advanced real-time approach,2009,Action,3.9,295271010
Configurable neutral middleware,2002,Comedy,5.1,213860977
Decentralized tertiary budgetary management,1998,Documentary,4.7,56812403
Proactive content-based website,2023,Action,3.7,205800796
Switchable fault-tolerant hub,1986,Horror,4.6,93122126
Devolved next generation adapter,2012,Horror,6.4,38641373
Optimized optimizing parallelism,1988,Horror,9.2,58194150
Open-architected modular emulation,1985,Drama,4.4,167503398
Business-focused demand-driven policy,2021,Comedy,8.3,188130783
Multi-channeled impactful application,1984,Drama,2.2,28062793
Configurable coherent application,2015,Thriller,9.2,280394094
Re-engineered clear-thinking hierarchy,2020,Drama,2.0,280558744
Universal non-volatile website,1993,Comedy,5.5,109332516
Synergized fresh-thinking projection,1985,Thriller,2.6,254553673
Automated logistical moderator,2016,Horror,1.3,9269513
Persistent demand-driven workforce,1982,Action,6.5,84251531
Focused didactic framework,2003,Action,1.4,276441795
Seamless interactive infrastructure,2022,Action,4.9,115388190
Total logistical approach,1984,Sci-Fi,5.3,214359250
Diverse client-server migration,1994,Action,3.6,65953364
Configurable asynchronous support,1989,Action,9.5,33477773
Multi-channeled eco-centric benchmark,2019,Comedy,8.6,117742221
Cross-group interactive migration,1989,Action,8.5,293710830
Operative maximized algorithm,2021,Action,6.2,152782185
User-friendly reciprocal frame,2022,Documentary,7.1,181717013
Enhanced 5thgeneration product,2016,Action,5.3,261928626
Networked bi-directional alliance,1999,Action,8.1,234854603
Customizable analyzing software,1982,Comedy,2.7,167343491
Cloned tangible model,2011,Documentary,7.2,280356844
Right-sized fresh-thinking product,2001,Action,2.7,99918564
Switchable coherent encoding,2000,Drama,3.9,32658260
Inverse incremental customer loyalty,1999,Action,2.9,264056561
Networked upward-trending collaboration,1988,Action,4.6,191957552
Customizable asymmetric monitoring,2019,Thriller,9.7,199214753
Front-line non-volatile contingency,1985,Thriller,4.0,34199977
Decentralized local open architecture,2021,Horror,5.8,198315241
Reduced radical hub,1983,Sci-Fi,7.9,21669145
Enhanced grid-enabled standardization,2018,Thriller,1.7,57902748
Optional bottom-line task-force,1988,Comedy,6.6,102583754
Devolved bottom-line hub,1997,Comedy,4.8,67017843
Phased 6thgeneration process improvement,1988,Documentary,7.1,207314521
Mandatory multimedia portal,1984,Action,6.9,220868408
Enterprise-wide fault-tolerant secured line,2014,Drama,7.3,74905346
Object-based incremental database,2023,Thriller,4.8,227273124
Synergistic impactful alliance,2016,Sci-Fi,2.8,283347786
Multi-lateral radical Local Area Network,1986,Documentary,8.5,154999072
Visionary intermediate Internet solution,2003,Horror,8.8,219236679
Implemented system-worthy neural-net,1999,Action,1.7,215019801
Realigned human-resource encryption,2010,Comedy,1.5,130889726
Face-to-face content-based utilization,1983,Action,5.0,77155865
De-engineered human-resource pricing structure,2019,Thriller,2.7,124411501
Integrated transitional structure,1983,Drama,2.9,264480419
Proactive contextually-based success,2024,Horror,5.9,197142618
Digitized bi-directional open system,2021,Comedy,8.3,268908720
Innovative context-sensitive analyzer,1985,Documentary,5.5,137991817
Profit-focused clear-thinking website,1993,Action,3.7,172602577
Centralized user-facing Local Area Network,1980,Sci-Fi,3.3,24375620
Public-key discrete access,1993,Horror,3.8,258347773
Switchable exuding methodology,1993,Sci-Fi,1.9,30277922
Progressive leadingedge extranet,1989,Comedy,7.2,217780022
Right-sized non-volatile infrastructure,1997,Thriller,3.8,65065004
Face-to-face value-added moratorium,1988,Action,3.7,83579484
Horizontal high-level neural-net,2014,Documentary,4.8,237261754
Enterprise-wide bandwidth-monitored help-desk,1991,Thriller,3.7,234675785
Implemented upward-trending array,1994,Drama,7.3,64139122
Triple-buffered motivating time-frame,2003,Drama,6.0,207617464
Ameliorated didactic info-mediaries,2002,Action,9.2,11789554
Robust motivating secured line,1991,Thriller,8.3,276960960
Enterprise-wide asynchronous Local Area Network,1998,Action,5.8,156754351
Networked eco-centric policy,2018,Documentary,1.9,98820852
Integrated clear-thinking portal,2007,Thriller,3.8,26575489
Extended responsive conglomeration,1994,Comedy,8.5,141268547
Team-oriented bi-directional synergy,1983,Sci-Fi,3.9,94636854
Sharable local moratorium,2007,Drama,9.3,68917061
Polarized 24/7 toolset,2011,Thriller,5.0,280641053
Secured incremental frame,1982,Comedy,7.0,204675112
Operative tangible firmware,2020,Horror,8.0,270229634
Multi-channeled non-volatile Graphical User Interface,2003,Documentary,6.8,206071866
Grass-roots high-level frame,1993,Horror,8.7,49661584
Synchronized cohesive workforce,1996,Comedy,6.7,104129624
Innovative web-enabled Local Area Network,2000,Action,2.1,107359882
Function-based scalable time-frame,2013,Thriller,3.9,250642164
Quality-focused needs-based product,2011,Sci-Fi,6.3,250724466
Re-engineered 24hour projection,2003,Sci-Fi,2.5,246661538
Business-focused encompassing solution,2021,Action,5.4,56735649
Devolved multimedia database,2008,Sci-Fi,8.0,9439768
Managed optimizing leverage,1998,Comedy,1.2,264299749
Ergonomic asynchronous customer loyalty,1983,Comedy,4.8,245159618
Business-focused holistic utilization,1989,Comedy,7.4,57781351
Optimized real-time software,2008,Horror,9.2,227982172
Distributed eco-centric encoding,1986,Action,9.4,78948202
Enhanced exuding access,2005,Comedy,9.8,287741346
Switchable fault-tolerant help-desk,1983,Documentary,2.3,141790435
Managed asynchronous analyzer,1999,Horror,6.9,55658465
Re-contextualized impactful info-mediaries,1992,Sci-Fi,7.9,290165537
Multi-layered non-volatile encoding,1985,Drama,4.8,133411608
Reactive clear-thinking groupware,1984,Documentary,5.7,276702540
Optimized incremental knowledgebase,1995,Thriller,4.1,186620454
Cloned stable intranet,2021,Documentary,4.6,175799433
Multi-layered contextually-based moratorium,2009,Drama,7.5,37009048
Vision-oriented context-sensitive circuit,1980,Horror,4.7,131654228
Enterprise-wide uniform pricing structure,1997,Action,8.2,99952962
Optimized optimizing task-force,2011,Comedy,8.4,65021649
Universal national algorithm,1989,Horror,3.2,127788747
Customer-focused neutral hierarchy,1999,Drama,8.4,225562674
Persistent discrete extranet,2005,Drama,6.0,276555817
Quality-focused holistic array,1997,Sci-Fi,7.8,296756406
Cross-platform client-server matrices,1984,Documentary,5.8,248958006
Synergistic fresh-thinking function,2003,Action,9.1,160013563
Multi-lateral asymmetric circuit,2023,Thriller,2.4,264003653
Multi-layered multi-state definition,2015,Documentary,6.8,56369316
Fully-configurable maximized process improvement,2024,Sci-Fi,2.4,21963971
Polarized attitude-oriented website,1996,Documentary,3.0,143875455
Visionary client-driven groupware,1989,Sci-Fi,8.3,40519876
Multi-lateral tertiary hierarchy,2016,Thriller,7.4,56713547
Virtual dedicated synergy,1986,Thriller,5.5,126848925
Customizable interactive approach,2015,Documentary,9.3,240658406
Team-oriented 3rdgeneration secured line,1981,Thriller,1.2,33261986
Extended needs-based conglomeration,1984,Drama,1.4,32956313
Monitored solution-oriented support,1982,Horror,6.5,124705551
User-friendly leadingedge Graphical User Interface,1989,Action,4.2,207351488
Versatile global initiative,1999,Thriller,1.8,21343800
Reduced explicit help-desk,1998,Sci-Fi,2.0,164372951
Multi-layered contextually-based algorithm,2013,Documentary,4.3,50412345
Adaptive actuating implementation,2016,Documentary,3.7,3523178
Virtual scalable interface,1990,Thriller,8.6,233366406
Open-source multi-state Graphical User Interface,2014,Comedy,6.9,247687467
Innovative zero-defect function,1983,Drama,1.6,97838791
De-engineered systematic leverage,2008,Comedy,3.4,221735117
Grass-roots systemic ability,2005,Sci-Fi,6.7,77131369
Grass-roots dedicated benchmark,1999,Sci-Fi,8.1,272044433
Digitized dedicated framework,1992,Sci-Fi,1.1,170245161
Team-oriented fresh-thinking database,2003,Horror,6.9,206892166
Compatible hybrid extranet,2012,Comedy,7.4,181435118
Ameliorated needs-based structure,2004,Horror,2.8,163116424
Compatible reciprocal open system,2023,Drama,1.5,40449873
Organic multi-tasking pricing structure,1995,Comedy,8.5,184854384
Upgradable tangible alliance,2026,Documentary,4.3,168746988
Mandatory modular parallelism,1997,Horror,7.0,80009973
Automated modular archive,1996,Sci-Fi,9.4,278916624
Adaptive interactive protocol,1992,Comedy,6.1,198816703
Seamless disintermediate toolset,2005,Thriller,1.6,125614718
Horizontal well-modulated archive,2011,Horror,9.4,1176980
Business-focused local database,2025,Action,5.1,53230047
Optional asymmetric adapter,2021,Sci-Fi,5.5,128322451
Team-oriented asynchronous concept,2017,Action,6.5,288862476
Decentralized incremental Internet solution,1994,Thriller,1.5,285907686
Re-contextualized non-volatile open architecture,1992,Horror,5.5,267874340
Object-based local encryption,2008,Comedy,7.6,192829330
Reverse-engineered client-driven parallelism,2005,Documentary,1.9,107939089
Cloned holistic parallelism,1986,Sci-Fi,2.9,235538057
Integrated value-added open system,2007,Comedy,4.8,195911170
Optional leadingedge interface,1996,Thriller,7.9,213431517
Customizable analyzing help-desk,2018,Sci-Fi,6.5,187556478
Business-focused transitional collaboration,2001,Comedy,8.1,117193588
Front-line composite algorithm,2020,Thriller,9.5,33562038
Grass-roots even-keeled product,1986,Sci-Fi,8.8,84499541
Re-engineered asymmetric synergy,2019,Horror,3.3,298671201
Phased solution-oriented hub,2019,Documentary,5.9,267799296
Persistent content-based focus group,2010,Action,2.8,179367964
Profit-focused actuating orchestration,1986,Sci-Fi,2.8,212214582
Distributed responsive service-desk,1998,Horror,4.0,30740820
Decentralized demand-driven array,1998,Comedy,7.5,3275123
Switchable reciprocal installation,1989,Action,7.5,151545344
Reactive fresh-thinking artificial intelligence,1997,Drama,8.3,21033684
Digitized cohesive hierarchy,1983,Sci-Fi,3.5,281643783
Grass-roots system-worthy service-desk,2017,Documentary,2.3,2293824
Progressive bifurcated framework,1994,Drama,5.7,55094764
User-centric didactic Graphical User Interface,1986,Action,6.0,235847072
Cloned local extranet,1991,Drama,8.1,24779907
Versatile contextually-based function,2003,Documentary,8.9,94337045
Fundamental disintermediate synergy,1997,Horror,6.9,40724288
Multi-lateral demand-driven neural-net,1985,Comedy,4.6,224760381
Expanded encompassing alliance,2006,Action,4.5,12670834
Distributed systematic process improvement,2015,Horror,4.8,223319316
Object-based fault-tolerant focus group,2021,Horror,3.4,39205779
Switchable systematic productivity,2002,Action,1.3,194883832
Multi-layered zero-defect benchmark,2007,Sci-Fi,5.3,13798475
Fundamental system-worthy leverage,1988,Thriller,6.7,25386290
Cross-group cohesive superstructure,1988,Documentary,7.1,65551750
Multi-layered responsive protocol,2003,Thriller,5.4,182011776
Reduced client-driven moratorium,1987,Thriller,1.5,248429356
Centralized national core,2015,Thriller,8.4,2930488
Streamlined 24/7 challenge,1997,Action,5.4,111282658
User-friendly mission-critical hierarchy,2022,Comedy,7.4,170779574
Universal discrete info-mediaries,2014,Comedy,2.9,272484869
Ergonomic empowering firmware,1991,Documentary,8.7,11215631
Managed executive strategy,2006,Comedy,2.5,215489275
Operative tangible firmware,2000,Thriller,8.0,38538554
Extended exuding open architecture,1988,Comedy,3.9,132366639
Mandatory bottom-line groupware,2007,Horror,2.7,135571287
Organic hybrid task-force,2005,Sci-Fi,7.7,97519647
Function-based human-resource collaboration,2012,Thriller,7.0,90736619
Right-sized non-volatile info-mediaries,1987,Drama,6.3,199687637
Customizable intangible solution,2012,Drama,9.4,295161589
Diverse client-driven neural-net,1993,Documentary,3.4,289228179
Team-oriented exuding initiative,2004,Documentary,4.8,257747389
Team-oriented 24/7 orchestration,2013,Comedy,4.2,286246704
Up-sized even-keeled protocol,2014,Horror,4.6,158132612
Proactive value-added utilization,2021,Action,4.6,2273562
Phased solution-oriented synergy,2020,Comedy,2.7,149875190
Customizable static focus group,1996,Comedy,9.9,224589545
Upgradable bottom-line middleware,1994,Comedy,4.3,251261180
Re-contextualized zero tolerance framework,1984,Sci-Fi,6.1,111631444
Diverse dynamic flexibility,1993,Thriller,3.3,296291768
Focused foreground hardware,1990,Drama,4.3,167152829
Reverse-engineered attitude-oriented attitude,2013,Documentary,8.9,226210098
Pre-emptive tangible hardware,2009,Thriller,1.1,165490939
Customizable neutral adapter,2018,Thriller,7.2,13867128
Multi-channeled object-oriented focus group,1997,Horror,4.9,188622382
Self-enabling human-resource moratorium,2023,Drama,1.4,209241620
Persevering zero administration structure,1992,Documentary,6.2,241000418
Managed scalable Graphical User Interface,1984,Comedy,8.6,131646163
Stand-alone radical array,2004,Horror,2.0,19244419
Multi-lateral 24hour hub,1985,Thriller,4.3,112514058
Operative 6thgeneration functionalities,2021,Thriller,8.9,16550752
Face-to-face explicit groupware,2012,Documentary,1.7,2652901
Quality-focused 3rdgeneration policy,2017,Action,8.6,199055106
Intuitive multi-tasking secured line,2002,Sci-Fi,7.4,44348028
Stand-alone actuating model,2015,Sci-Fi,6.8,278558956
Automated optimizing Graphic Interface,2012,Horror,3.1,101398311
Face-to-face eco-centric instruction set,1982,Sci-Fi,1.9,88340483
Operative transitional toolset,2007,Horror,7.7,246503911
Optimized local open system,1993,Sci-Fi,5.4,297328001
Organized interactive infrastructure,1996,Action,1.3,190713861
Vision-oriented logistical workforce,2013,Sci-Fi,5.2,278414692
Customer-focused national conglomeration,1987,Documentary,2.0,158253186
Decentralized encompassing workforce,2014,Horror,9.9,258952859
Re-contextualized eco-centric analyzer,1999,Sci-Fi,7.9,142254541
Triple-buffered zero tolerance model,1983,Horror,5.0,50744789
Self-enabling solution-oriented hub,2023,Documentary,8.5,102403031
Virtual context-sensitive alliance,2005,Comedy,4.2,234292891
Organic bifurcated service-desk,2002,Horror,7.6,257654820
Persevering impactful extranet,1996,Sci-Fi,1.0,129019308
Synergistic eco-centric database,1990,Horror,5.8,22077201
Organic regional website,2008,Action,1.8,77265338
Programmable 24/7 contingency,2018,Horror,5.2,35629758
Vision-oriented multi-state middleware,2023,Action,8.8,170478301
Implemented grid-enabled process improvement,2018,Horror,2.9,109948806
Fundamental actuating software,1995,Horror,4.0,80300957
Profound impactful throughput,1992,Horror,4.4,33049423
Customer-focused responsive parallelism,2026,Comedy,3.6,211701963
Horizontal 6thgeneration solution,2025,Sci-Fi,6.6,94478381
Reactive logistical open architecture,1995,Drama,7.3,157849339
Automated content-based monitoring,1992,Horror,6.9,195758636
Persevering homogeneous algorithm,2002,Horror,9.2,106931546
Multi-tiered tertiary hierarchy,1991,Action,3.9,181590855
Streamlined real-time core,1998,Comedy,2.7,268743737
Cloned 3rdgeneration protocol,1983,Sci-Fi,1.4,284721592
Horizontal clear-thinking productivity,2014,Sci-Fi,4.7,31267888
Advanced discrete success,2020,Action,6.4,276663482
Focused needs-based moderator,1991,Comedy,4.2,38916367
Ergonomic multi-tasking algorithm,2002,Drama,5.2,79143381
Sharable uniform attitude,1997,Action,8.1,206793842
Grass-roots web-enabled policy,2025,Drama,6.0,208298947
Persistent value-added firmware,1991,Documentary,8.2,700405
Balanced eco-centric task-force,2007,Action,3.5,247641604
Robust stable data-warehouse,2005,Horror,7.4,170761418
Innovative local conglomeration,2004,Drama,1.3,42900480
Virtual 24hour matrices,2019,Sci-Fi,6.3,262100556
Implemented transitional budgetary management,1988,Horror,4.7,224256181
Exclusive interactive array,2006,Documentary,6.4,273645708
Persevering demand-driven support,1990,Comedy,3.0,38586895
Synchronized executive functionalities,2005,Sci-Fi,9.7,159859024
Integrated neutral knowledge user,2001,Drama,8.3,125430767
Configurable radical strategy,1993,Drama,2.7,200651076
Diverse discrete superstructure,1983,Horror,2.8,178034606
Organized maximized challenge,1986,Thriller,6.1,104995042
Front-line foreground software,1985,Comedy,7.3,111822717
Optional impactful artificial intelligence,1995,Thriller,5.5,200756982
Ergonomic explicit migration,1983,Horror,7.1,191893940
Persistent uniform middleware,2016,Drama,8.4,261018347
Compatible analyzing pricing structure,2010,Drama,8.1,38807537
Upgradable eco-centric adapter,1993,Drama,7.6,151254849
Devolved user-facing throughput,2000,Thriller,9.8,66616040
Down-sized discrete emulation,2007,Horror,2.8,5358519
Customizable system-worthy instruction set,2010,Action,5.6,77792506
Configurable upward-trending matrix,2017,Thriller,1.0,210943277
Innovative encompassing leverage,2005,Drama,7.9,228675108
Customer-focused executive strategy,1982,Thriller,5.2,296674345
Reduced 4thgeneration architecture,2019,Action,8.5,147004783
Diverse optimal attitude,2023,Comedy,2.0,88189771
Customizable directional extranet,2013,Thriller,7.1,56322923
Phased optimizing array,1984,Drama,1.4,290462373
Cloned upward-trending parallelism,2025,Comedy,2.4,159328910
Inverse dedicated attitude,2023,Sci-Fi,1.2,79130582
Distributed 24/7 complexity,2018,Horror,2.3,199053393
Managed motivating application,1989,Documentary,7.2,36663627
Reactive motivating orchestration,2001,Action,1.9,115854606
Public-key bandwidth-monitored artificial intelligence,2009,Thriller,9.6,75182362
Stand-alone uniform portal,2022,Comedy,8.9,14445813
Programmable executive capability,2011,Sci-Fi,6.5,238550132
Mandatory intangible forecast,1992,Drama,3.1,117377479
Assimilated human-resource core,2013,Drama,1.4,163064396
Stand-alone exuding migration,1983,Comedy,1.6,223030152
Fully-configurable 24hour complexity,1982,Documentary,1.4,211062569
Open-source directional extranet,2020,Sci-Fi,9.9,70083277
Upgradable empowering parallelism,2005,Documentary,3.2,75194457
Organized dedicated concept,2016,Thriller,5.1,52391032
Exclusive impactful array,1990,Horror,2.3,4522509
Visionary responsive attitude,1999,Sci-Fi,4.3,276152742
Virtual context-sensitive portal,1998,Thriller,2.4,164276965
Organized zero tolerance Local Area Network,2012,Action,8.4,245274893
Organic tangible neural-net,1981,Sci-Fi,1.3,245042191
Polarized multi-state interface,2009,Horror,9.5,72572379
Pre-emptive user-facing hierarchy,2001,Drama,5.0,74468872
Profit-focused bandwidth-monitored leverage,1991,Action,2.5,49147010
Integrated 6thgeneration toolset,2019,Action,3.1,285177536
Virtual executive portal,1984,Horror,9.4,249177059
Mandatory bifurcated migration,1998,Thriller,5.3,187421232
Digitized explicit projection,1983,Horror,3.0,66369914
Progressive disintermediate policy,2019,Horror,1.5,51638537
Virtual dynamic customer loyalty,2011,Action,3.1,195119959
Fully-configurable intangible methodology,2011,Sci-Fi,4.0,108390248
Monitored zero tolerance open system,2018,Horror,1.1,195921225
Persistent scalable frame,1996,Action,2.8,115763276
Organized scalable application,2026,Documentary,6.7,25874212
Organized cohesive hardware,1989,Action,9.1,273818622
Devolved next generation service-desk,2019,Sci-Fi,5.7,48633188
Future-proofed grid-enabled productivity,2021,Horror,1.7,37178294
Fully-configurable multi-state capability,2025,Drama,2.2,135428976
Universal next generation time-frame,1986,Horror,10.0,214192058
Self-enabling interactive algorithm,1996,Comedy,1.4,165153407
Total reciprocal core,2003,Drama,5.5,98432101
Managed modular leverage,1986,Action,8.4,251116495
Right-sized 6thgeneration matrices,2000,Documentary,2.8,149208633
Optional multi-state extranet,1992,Drama,8.4,135992958
Fundamental clear-thinking ability,1990,Documentary,5.2,254644186
Operative coherent Graphic Interface,2012,Documentary,2.5,61061138
De-engineered heuristic interface,2007,Comedy,6.8,15153176
Operative intermediate standardization,2015,Thriller,9.6,140950037
Streamlined scalable success,2015,Drama,9.4,37849117
Stand-alone non-volatile system engine,2026,Documentary,7.7,58859672
Multi-lateral human-resource policy,1994,Action,4.5,70736562
Reduced optimizing project,2001,Horror,3.8,20426334
Streamlined real-time process improvement,1980,Sci-Fi,4.2,161096620
Ameliorated solution-oriented Graphic Interface,2021,Sci-Fi,3.6,125038543
Persevering client-driven help-desk,1982,Action,8.0,191740550
Synergized web-enabled encoding,2000,Drama,3.5,179927278
Reactive national archive,1984,Action,3.6,157075548
Up-sized zero administration infrastructure,1980,Sci-Fi,7.9,19909586
Open-architected well-modulated moratorium,2007,Sci-Fi,7.1,261238246
Configurable full-range throughput,2021,Action,1.9,79095163
Grass-roots optimal protocol,1989,Drama,7.0,293490731
Multi-layered impactful adapter,2000,Documentary,2.4,98198900
Ergonomic optimal throughput,2012,Sci-Fi,5.2,115916774
Ameliorated neutral paradigm,2016,Sci-Fi,1.0,32688854
Open-architected bi-directional synergy,1991,Comedy,5.4,178382170
Object-based analyzing capacity,2023,Documentary,2.3,213754898
Organic asymmetric toolset,2014,Action,9.7,90513052
Organized regional complexity,2024,Thriller,6.8,122085464
Assimilated empowering data-warehouse,1991,Horror,7.6,122823397
Centralized zero tolerance Local Area Network,1981,Sci-Fi,4.7,82151085
Profit-focused user-facing parallelism,2015,Comedy,7.0,182002725
Multi-lateral content-based info-mediaries,1998,Sci-Fi,5.6,121385040
Sharable demand-driven ability,1987,Documentary,9.1,241373591
Horizontal high-level initiative,2023,Sci-Fi,1.5,235769660
Expanded systemic moratorium,1997,Action,5.5,114046652
Operative motivating encryption,1982,Thriller,3.3,43953997
User-centric contextually-based approach,2023,Thriller,4.7,39590034
Quality-focused motivating synergy,1999,Thriller,6.7,292577825
Ameliorated next generation ability,2019,Drama,4.1,20869802
Optimized leadingedge policy,1980,Documentary,5.2,185017903
Focused context-sensitive hierarchy,2025,Sci-Fi,8.8,38717556
Cloned zero administration leverage,2016,Comedy,5.6,45815348
Extended tangible structure,1985,Documentary,9.0,231933422
Vision-oriented interactive service-desk,2016,Action,4.2,242452860
Optimized 4thgeneration customer loyalty,2022,Comedy,7.8,174071688
Synchronized explicit migration,2010,Action,6.6,123927925
Function-based impactful architecture,1989,Action,4.4,171824123
Synergized modular help-desk,1990,Drama,3.7,218704700
Adaptive coherent methodology,2015,Documentary,3.2,13831395
Self-enabling homogeneous hierarchy,2014,Sci-Fi,6.0,69546589
Fundamental composite definition,1994,Horror,4.4,224963534
Versatile radical ability,1987,Sci-Fi,6.4,246597648
Grass-roots intermediate model,1980,Comedy,9.4,194690153
Exclusive directional parallelism,2007,Action,3.0,64472934
Secured stable customer loyalty,1980,Thriller,8.0,220682792
Profit-focused contextually-based architecture,1983,Thriller,7.5,87611370
Cross-platform asynchronous data-warehouse,1994,Action,8.7,83084740
Vision-oriented global infrastructure,2005,Documentary,1.8,272858043
Profound attitude-oriented infrastructure,2019,Documentary,7.7,56562004
Pre-emptive tangible synergy,1993,Thriller,2.2,204394585
Enterprise-wide intangible forecast,1985,Sci-Fi,1.3,176643505
Stand-alone exuding moderator,1982,Drama,2.3,149666752
Cross-platform incremental model,2020,Drama,5.2,100232199
Diverse upward-trending knowledgebase,1982,Documentary,1.4,127640806
Up-sized multimedia implementation,2026,Comedy,3.7,15709677
Reverse-engineered next generation open architecture,2017,Documentary,3.2,92361550
Ameliorated transitional Graphical User Interface,1983,Horror,3.8,100092378
Advanced interactive support,2008,Drama,4.3,271957242
Focused 3rdgeneration data-warehouse,2015,Documentary,5.0,193781324
Open-source responsive pricing structure,2020,Comedy,9.0,104018520
Mandatory zero tolerance superstructure,1983,Thriller,9.1,110604580
Cross-group intermediate standardization,1998,Sci-Fi,5.5,17053687
Seamless interactive circuit,2002,Documentary,8.4,211566250
Self-enabling object-oriented conglomeration,1997,Comedy,2.9,190956831
Customizable systemic orchestration,1989,Comedy,8.4,171751258
Re-engineered exuding collaboration,1990,Horror,5.4,212662686
Streamlined modular knowledge user,2001,Action,3.7,161275801
Self-enabling analyzing knowledge user,2007,Documentary,4.1,287356463
Synergized contextually-based knowledgebase,1992,Horror,2.1,63467024
Assimilated local website,1986,Sci-Fi,4.2,78594248
Re-contextualized encompassing algorithm,1987,Documentary,1.4,139470487
Public-key even-keeled leverage,1990,Thriller,3.4,123745061
Open-architected logistical application,2005,Comedy,4.2,281000654
Secured stable interface,2017,Documentary,6.9,232511532
Open-source bi-directional concept,2020,Thriller,2.0,185657492
Reverse-engineered systemic help-desk,1995,Action,6.0,189531807
Function-based user-facing time-frame,2013,Sci-Fi,4.1,153748588
Up-sized radical extranet,2014,Comedy,4.2,244447440
Future-proofed static time-frame,1991,Action,5.1,127623060
Sharable upward-trending success,2011,Comedy,4.1,66465963
Adaptive regional time-frame,2022,Horror,7.5,287904543
Function-based cohesive toolset,2010,Drama,8.3,246895565
Reactive multi-state orchestration,1995,Horror,4.3,110468107
